"","CASE#","PRIMARY DESCRIPTION","ARREST","LATITUDE","LONGITUDE"
"1","JD424989","HOMICIDE","N",41.761848394,-87.702741177
"2","JD448552","HOMICIDE","Y",41.67910436,-87.681113542
"3","JD455780","HOMICIDE","Y",41.79568265,-87.619250687
"4","JD425287","HOMICIDE","N",41.751583011,-87.650127802
"5","JD355518","HOMICIDE","Y",41.876949072,-87.736685059
"6","JD393235","HOMICIDE","N",41.871112926,-87.748055152
"7","JD419464","HOMICIDE","N",41.870828951,-87.716346436
"8","JE269018","HOMICIDE","N",41.781756818,-87.607217875
"9","JE154771","HOMICIDE","Y",41.73688603,-87.666741917
"10","JD322197","HOMICIDE","Y",41.744226478,-87.643855503
"11","JD314664","HOMICIDE","Y",41.734366796,-87.597496998
"12","JD426385","HOMICIDE","N",41.902738881,-87.718364581
"13","JD364412","HOMICIDE","N",41.780401475,-87.675142115
"14","JD364485","HOMICIDE","Y",41.883310937,-87.763293978
"15","JD364956","HOMICIDE","N",41.779188117,-87.682784152
"16","JD365391","HOMICIDE","N",41.889763017,-87.763365161
"17","JD364523","HOMICIDE","N",41.895682989,-87.652616066
"18","JD425614","HOMICIDE","N",41.784271981,-87.740346369
"19","JD364485","HOMICIDE","Y",41.883310937,-87.763293978
"20","JD426385","HOMICIDE","N",41.902738881,-87.718364581
"21","JE210365","HOMICIDE","Y",41.84157078,-87.713497173
"22","JD426429","HOMICIDE","N",42.00445423,-87.666932652
"23","JD419688","HOMICIDE","N",41.87342332,-87.735219792
"24","JD425636","HOMICIDE","N",41.875806202,-87.750872705
"25","JE112541","HOMICIDE","N",41.906827741,-87.755880834
"26","JE141079","HOMICIDE","N",41.755335821,-87.658715338
"27","JD457527","HOMICIDE","N",41.860183952,-87.706709735
"28","JD394445","HOMICIDE","Y",41.697295713,-87.614712135
"29","JD365439","HOMICIDE","N",41.783104769,-87.612090172
"30","JE266489","HOMICIDE","Y",41.812395165,-87.624545404
"31","JD366214","HOMICIDE","Y",41.677310769,-87.623873529
"32","JD366057","HOMICIDE","N",41.782707791,-87.660646744
"33","JD458309","HOMICIDE","N",41.798417673,-87.618644539
"34","JD382767","HOMICIDE","Y",41.772363591,-87.585053288
"35","JD396749","HOMICIDE","Y",41.841112189,-87.635917069
"36","JD364157","HOMICIDE","N",41.973308003,-87.655280009
"37","JD394573","HOMICIDE","N",41.882123956,-87.706153898
"38","JD427781","HOMICIDE","N",41.876196319,-87.723983712
"39","JD394559","HOMICIDE","N",41.878717176,-87.738427509
"40","JE178815","HOMICIDE","Y",41.928350067,-87.761224794
"41","JD424633","HOMICIDE","Y",41.8804407,-87.749684919
"42","JD428578","HOMICIDE","N",41.863472736,-87.710455229
"43","JE154771","HOMICIDE","Y",41.73688603,-87.666741917
"44","JD369840","HOMICIDE","Y",41.77464798,-87.781143133
"45","JD428133","HOMICIDE","N",41.721005667,-87.643202686
"46","JD395285","HOMICIDE","N",41.878486473,-87.730498121
"47","JD429677","HOMICIDE","Y",41.778567563,-87.730514586
"48","JD420053","HOMICIDE","N",41.880359783,-87.755935589
"49","JD429730","HOMICIDE","N",41.779304087,-87.67472071
"50","JD429711","HOMICIDE","N",41.688273899,-87.638617386
"51","JD418958","HOMICIDE","Y",41.876581037,-87.745137513
"52","JD396031","HOMICIDE","Y",41.852829615,-87.633569125
"53","JD366458","HOMICIDE","N",41.967164275,-87.661908762
"54","JD428578","HOMICIDE","N",41.863472736,-87.710455229
"55","JD367419","HOMICIDE","N",41.971988645,-87.718754305
"56","JD461201","HOMICIDE","N",41.65364899,-87.614590067
"57","JD389428","HOMICIDE","Y",41.679080457,-87.639539915
"58","JD430647","HOMICIDE","N",41.88023916,-87.765315233
"59","JE125583","HOMICIDE","N",41.856105476,-87.627164726
"60","JD366570","HOMICIDE","Y",41.895614042,-87.701037693
"61","JD457651","HOMICIDE","Y",41.810416202,-87.624490191
"62","JD368559","HOMICIDE","N",41.806172326,-87.669765401
"63","JD429662","HOMICIDE","N",41.924465814,-87.7283384
"64","JD302389","HOMICIDE","N",41.851761023,-87.705558672
"65","JE168295","HOMICIDE","N",41.904419476,-87.729956677
"66","JD396427","HOMICIDE","N",41.736886394,-87.624170849
"67","JE200533","HOMICIDE","N",41.844200287,-87.728518962
"68","JD462566","HOMICIDE","N",41.76625521,-87.574655369
"69","JE217202","HOMICIDE","N",41.889554831,-87.747086204
"70","JE269426","HOMICIDE","N",41.756106295,-87.642438283
"71","JD412156","HOMICIDE","N",41.852449912,-87.659094296
"72","JD354205","HOMICIDE","Y",41.912837014,-87.694618314
"73","JE251377","HOMICIDE","N",41.779404922,-87.61200331
"74","JD417270","HOMICIDE","N",41.85836391,-87.666164631
"75","JD410860","HOMICIDE","Y",41.854550802,-87.712417497
"76","JD463213","HOMICIDE","N",41.735873465,-87.657361909
"77","JD463716","HOMICIDE","N",41.770620668,-87.58500756
"78","JD344930","HOMICIDE","Y",41.882752232,-87.77187732
"79","JD400594","HOMICIDE","Y",41.680465342,-87.617890221
"80","JD388515","HOMICIDE","N",41.788576831,-87.663764559
"81","JD435188","HOMICIDE","N",41.875002927,-87.720440743
"82","JD420526","HOMICIDE","Y",41.893844693,-87.770799522
"83","JE235752","HOMICIDE","N",41.766174746,-87.582878208
"84","JD464227","HOMICIDE","Y",41.866900866,-87.710557793
"85","JE250561","HOMICIDE","N",41.879585586,-87.688817204
"86","JD463816","HOMICIDE","N",41.864860663,-87.693363237
"87","JE126873","HOMICIDE","N",41.874808105,-87.75811153
"88","JD399982","HOMICIDE","N",41.886560206,-87.716062887
"89","JD464783","HOMICIDE","N",41.697440638,-87.647409294
"90","JD399816","HOMICIDE","N",41.818572848,-87.608328247
"91","JD399115","HOMICIDE","N",41.790447217,-87.660268809
"92","JD398293","HOMICIDE","Y",41.89810642,-87.718842458
"93","JD398407","HOMICIDE","N",41.766873316,-87.566484757
"94","JD366424","HOMICIDE","Y",41.759776965,-87.606655704
"95","JD401830","HOMICIDE","N",41.862830527,-87.717058439
"96","JD310610","HOMICIDE","Y",41.886818932,-87.726504928
"97","JD368303","HOMICIDE","Y",42.007913834,-87.665847907
"98","JE141440","HOMICIDE","N",41.748737209,-87.600264583
"99","JD437080","HOMICIDE","N",41.780145233,-87.631841116
"100","JD437237","HOMICIDE","N",41.744008135,-87.566119307
"101","JE216691","HOMICIDE","N",41.873760261,-87.699795456
"102","JD401972","HOMICIDE","N",41.895420644,-87.720539406
"103","JD397606","HOMICIDE","Y",41.721550479,-87.573404895
"104","JD402446","HOMICIDE","N",41.859844244,-87.716448371
"105","JD397606","HOMICIDE","Y",41.721550479,-87.573404895
"106","JD438266","HOMICIDE","N",41.751125394,-87.546827767
"107","JD437398","HOMICIDE","N",41.883299637,-87.768225952
"108","JD302712","HOMICIDE","Y",41.87749995,-87.760253841
"109","JD403563","HOMICIDE","N",41.88492126,-87.701315736
"110","JD324667","HOMICIDE","Y",41.919471104,-87.767036103
"111","JD401856","HOMICIDE","Y",41.938191875,-87.793745249
"112","JD305635","HOMICIDE","Y",41.671647143,-87.64657781
"113","JD403067","HOMICIDE","Y",41.888657457,-87.7492392
"114","JD439599","HOMICIDE","N",41.873627443,-87.735948562
"115","JD404202","HOMICIDE","N",41.765651252,-87.624909847
"116","JE217141","HOMICIDE","N",41.896216334,-87.719999212
"117","JD440104","HOMICIDE","N",41.880238942,-87.76527117
"118","JD440223","HOMICIDE","N",41.747522203,-87.578338939
"119","JD366417","HOMICIDE","Y",41.884957307,-87.725791743
"120","JE108028","HOMICIDE","Y",41.724494263,-87.643297231
"121","JE166179","HOMICIDE","Y",41.847384418,-87.693218135
"122","JE158218","HOMICIDE","N",41.743528216,-87.632767488
"123","JD404866","HOMICIDE","N",41.811234791,-87.668689739
"124","JD400875","HOMICIDE","Y",41.780725036,-87.661818721
"125","JD407328","HOMICIDE","N",41.75772549,-87.609028176
"126","JD407759","HOMICIDE","N",41.694954571,-87.62796366
"127","JD443247","HOMICIDE","N",41.886493289,-87.700242574
"128","JD375982","HOMICIDE","Y",41.707091837,-87.629160391
"129","JD383120","HOMICIDE","Y",41.886032227,-87.756497813
"130","JD442787","HOMICIDE","N",41.895420644,-87.720539406
"131","JD443510","HOMICIDE","N",41.877107832,-87.724063179
"132","JD442756","HOMICIDE","N",41.750366286,-87.66300375
"133","JD442829","HOMICIDE","Y",41.769491841,-87.689484191
"134","JD365408","HOMICIDE","Y",41.701863205,-87.542561687
"135","JD403004","HOMICIDE","Y",41.757097528,-87.642984742
"136","JD443741","HOMICIDE","N",41.844534868,-87.703460313
"137","JD410007","HOMICIDE","N",41.809916904,-87.629873094
"138","JD444077","HOMICIDE","N",41.731108662,-87.551281448
"139","JD409798","HOMICIDE","N",41.686544262,-87.61440711
"140","JD410064","HOMICIDE","N",41.897974664,-87.718836374
"141","JD333904","HOMICIDE","N",41.872682495,-87.714015459
"142","JE251565","HOMICIDE","N",41.750193697,-87.675879555
"143","JD445100","HOMICIDE","N",41.691665138,-87.671979744
"144","JD444540","HOMICIDE","N",41.843311381,-87.641533952
"145","JE142625","HOMICIDE","N",41.771105569,-87.61804966
"146","JD444610","HOMICIDE","N",41.880924861,-87.757527885
"147","JD444618","HOMICIDE","N",41.752212906,-87.611322009
"148","JE126034","HOMICIDE","N",41.879873468,-87.684870498
"149","JE168486","HOMICIDE","N",41.771889629,-87.613964461
"150","JD410805","HOMICIDE","Y",41.729393024,-87.660444906
"151","JD445340","HOMICIDE","N",41.871520566,-87.625930316
"152","JE235091","HOMICIDE","N",41.759311656,-87.615142204
"153","JD397489","HOMICIDE","Y",41.922355139,-87.658358835
"154","JD448026","HOMICIDE","N",41.865738518,-87.755413681
"155","JD448026","HOMICIDE","N",41.865738518,-87.755413681
"156","JE283507","HOMICIDE","Y",41.772986707,-87.698111943
"157","JD413085","HOMICIDE","N",41.811512827,-87.655221014
"158","JD448026","HOMICIDE","N",41.865738518,-87.755413681
"159","JD413727","HOMICIDE","Y",41.748404997,-87.626964756
"160","JD401865","HOMICIDE","Y",41.748629642,-87.601471454
"161","JE127233","HOMICIDE","N",41.76571128,-87.67418895
"162","JD448843","HOMICIDE","N",41.798127674,-87.703687573
"163","JD414137","HOMICIDE","N",41.761782474,-87.564815341
"164","JE125131","HOMICIDE","N",41.743157477,-87.636787562
"165","JD414100","HOMICIDE","N",41.753567171,-87.564572519
"166","JD374047","HOMICIDE","Y",41.998582381,-87.683813832
"167","JD414794","HOMICIDE","N",41.895444899,-87.71789096
"168","JE114110","HOMICIDE","Y",41.727087481,-87.587912472
"169","JD358038","HOMICIDE","Y",41.782763043,-87.650937196
"170","JD415988","HOMICIDE","N",41.682864732,-87.668767778
"171","JD414483","HOMICIDE","Y",41.95671059,-87.652882438
"172","JE168523","HOMICIDE","N",41.911531291,-87.767999047
"173","JD272406","HOMICIDE","Y",41.736700905,-87.667945593
"174","JE168486","HOMICIDE","N",41.771889629,-87.613964461
"175","JD415066","HOMICIDE","N",41.86641507,-87.705004143
"176","JE112825","HOMICIDE","N",41.909591067,-87.748805933
"177","JD417016","HOMICIDE","N",41.771683937,-87.571002493
"178","JD397541","HOMICIDE","N",41.79005429,-87.655982593
"179","JD450976","HOMICIDE","N",41.890842763,-87.675798158
"180","JD451631","HOMICIDE","N",41.888658818,-87.748967416
"181","JD451449","HOMICIDE","N",41.939638219,-87.754882886
"182","JE128575","HOMICIDE","N",41.764319754,-87.645601453
"183","JE201157","HOMICIDE","Y",41.691640675,-87.626381549
"184","JE201462","HOMICIDE","N",41.858965439,-87.715818083
"185","JD303275","HOMICIDE","N",41.745285231,-87.605067562
"186","JD452091","HOMICIDE","N",41.699769093,-87.631708344
"187","JD412097","HOMICIDE","Y",41.673478011,-87.621829238
"188","JD452203","HOMICIDE","N",41.711973932,-87.626023283
"189","JE218605","HOMICIDE","N",41.754400648,-87.550635931
"190","JE128482","HOMICIDE","N",41.80829274,-87.622811656
"191","JD438848","HOMICIDE","N",41.866229701,-87.720983457
"192","JE104195","HOMICIDE","N",41.768355144,-87.619711453
"193","JD453443","HOMICIDE","N",41.761152087,-87.634562414
"194","JE161082","HOMICIDE","N",41.786184976,-87.648598206
"195","JE185655","HOMICIDE","Y",41.883272556,-87.761645466
"196","JD454034","HOMICIDE","Y",41.745082823,-87.619606449
"197","JD416956","HOMICIDE","N",41.893682861,-87.710720066
"198","JD340832","HOMICIDE","Y",41.895357718,-87.759344937
"199","JD421353","HOMICIDE","Y",41.945911152,-87.722493226
"200","JD438133","HOMICIDE","Y",41.671544991,-87.633285016
"201","JE143335","HOMICIDE","N",41.757638586,-87.626357727
"202","JE104664","HOMICIDE","N",41.757720838,-87.64487292
"203","JE185249","HOMICIDE","N",41.887231852,-87.764276407
"204","JE297553","HOMICIDE","N",41.852726166,-87.683210411
"205","JE104664","HOMICIDE","N",41.757720838,-87.64487292
"206","JE105104","HOMICIDE","N",41.912476113,-87.706815747
"207","JE300330","HOMICIDE","N",41.766269578,-87.637171768
"208","JE108117","HOMICIDE","N",41.706351415,-87.642817426
"209","JE113828","HOMICIDE","N",41.731323576,-87.653207461
"210","JE113759","HOMICIDE","N",41.773396353,-87.649482106
"211","JE121729","HOMICIDE","Y",41.850057698,-87.697236236
"212","JE249894","HOMICIDE","N",41.728490137,-87.628849825
"213","JE162150","HOMICIDE","N",41.744209898,-87.58506148
"214","JE169446","HOMICIDE","N",41.895773967,-87.764130796
"215","JE118554","HOMICIDE","Y",41.803254369,-87.743035853
"216","JE130684","HOMICIDE","N",41.795042969,-87.663396549
"217","JE106050","HOMICIDE","N",41.778656405,-87.684846319
"218","JD462480","HOMICIDE","N",41.907682878,-87.75621478
"219","JD450372","HOMICIDE","Y",41.937997275,-87.70880433
"220","JD465657","HOMICIDE","Y",41.839313408,-87.643885291
"221","JE143284","HOMICIDE","Y",41.838026577,-87.647590804
"222","JE144350","HOMICIDE","Y",41.878458449,-87.745204753
"223","JE120147","HOMICIDE","Y",41.875817435,-87.725503785
"224","JE131727","HOMICIDE","N",41.784001741,-87.688649725
"225","JE106469","HOMICIDE","N",41.877136581,-87.721727562
"226","JE142769","HOMICIDE","N",41.742042705,-87.672939733
"227","JE185470","HOMICIDE","Y",41.783871363,-87.684988102
"228","JE140202","HOMICIDE","N",41.880399914,-87.753008553
"229","JB566543","HOMICIDE","N",41.75894258,-87.634505751
"230","JE163081","HOMICIDE","N",41.678038746,-87.621771684
"231","JE115878","HOMICIDE","N",41.894581495,-87.721164479
"232","JE115131","HOMICIDE","N",41.777558327,-87.615558249
"233","JE279823","HOMICIDE","N",41.735960272,-87.633359016
"234","JE115702","HOMICIDE","N",41.92385284,-87.774151816
"235","JE163081","HOMICIDE","N",41.678038746,-87.621771684
"236","JE162908","HOMICIDE","N",41.78855456,-87.623931704
"237","JE113489","HOMICIDE","N",41.757885272,-87.607820559
"238","JE133730","HOMICIDE","Y",41.910800166,-87.745899903
"239","JE133341","HOMICIDE","N",41.767453861,-87.685761929
"240","JE201790","HOMICIDE","N",41.678387951,-87.662495643
"241","JE108124","HOMICIDE","Y",41.803181616,-87.585432024
"242","JD317098","HOMICIDE","Y",41.782078079,-87.7020077
"243","JE133828","HOMICIDE","N",41.851727741,-87.708513726
"244","JE299688","HOMICIDE","N",41.818948552,-87.626336787
"245","JE182083","HOMICIDE","Y",41.998283492,-87.704554719
"246","JE116833","HOMICIDE","N",41.86371391,-87.722659484
"247","JE135055","HOMICIDE","N",41.875559923,-87.745088126
"248","JE135554","HOMICIDE","N",41.754703829,-87.566292464
"249","JE136346","HOMICIDE","N",41.761833522,-87.58966934
"250","JE136378","HOMICIDE","N",41.781534778,-87.605955453
"251","JE118685","HOMICIDE","N",41.775729869,-87.672132329
"252","JE146555","HOMICIDE","N",41.750226609,-87.673482519
"253","JD386844","HOMICIDE","N",41.781000384,-87.689299416
"254","JD417014","HOMICIDE","Y",41.86438533,-87.721970252
"255","JE191618","HOMICIDE","N",41.884964505,-87.756456004
"256","JE165280","HOMICIDE","N",41.779691346,-87.724010936
"257","JE108294","HOMICIDE","N",41.877826291,-87.701117596
"258","JE252857","HOMICIDE","N",41.77268594,-87.605758495
"259","JE148664","HOMICIDE","Y",41.759204719,-87.653961386
"260","JE223102","HOMICIDE","Y",41.838085292,-87.643190224
"261","JE165303","HOMICIDE","N",41.852093206,-87.729641193
"262","JE136516","HOMICIDE","Y",41.894346275,-87.712619863
"263","JE164994","HOMICIDE","N",41.750503234,-87.587271496
"264","JE148087","HOMICIDE","N",41.83900622,-87.707668681
"265","JD340988","HOMICIDE","Y",41.882653425,-87.771874513
"266","JE138253","HOMICIDE","N",41.823814476,-87.618409866
"267","JE119606","HOMICIDE","N",41.862942242,-87.707270181
"268","JE119595","HOMICIDE","N",41.783234302,-87.610867758
"269","JE220914","HOMICIDE","N",41.877933236,-87.729141019
"270","JE202539","HOMICIDE","Y",41.808839679,-87.610191315
"271","JE203407","HOMICIDE","N",41.8804407,-87.749684919
"272","JD303327","HOMICIDE","N",41.687366059,-87.648307118
"273","JE203123","HOMICIDE","Y",41.86640116,-87.705973505
"274","JE189464","HOMICIDE","N",41.724465094,-87.655455745
"275","JD304212","HOMICIDE","N",41.857655711,-87.676608095
"276","JE188855","HOMICIDE","N",41.697980205,-87.629084036
"277","JE189165","HOMICIDE","N",41.835193736,-87.716674135
"278","JD304324","HOMICIDE","N",41.865585015,-87.697787226
"279","JE189658","HOMICIDE","N",41.769874082,-87.656671484
"280","JE189539","HOMICIDE","N",41.906962748,-87.701271041
"281","JE189264","HOMICIDE","N",41.683987312,-87.626476317
"282","JD461462","HOMICIDE","Y",41.812596485,-87.705365334
"283","JE120598","HOMICIDE","N",41.678980773,-87.619674748
"284","JE120562","HOMICIDE","N",41.774341163,-87.733626318
"285","JE119998","HOMICIDE","N",41.880628389,-87.733911427
"286","JE215086","HOMICIDE","Y",41.749002933,-87.601481873
"287","JE220047","HOMICIDE","N",41.827272785,-87.633198086
"288","JE253029","HOMICIDE","N",41.889858855,-87.684222291
"289","JE254042","HOMICIDE","N",41.791664664,-87.665738295
"290","JE190673","HOMICIDE","N",41.793667944,-87.663843592
"291","JE203270","HOMICIDE","N",41.892756481,-87.70891469
"292","JE253944","HOMICIDE","Y",41.907680799,-87.756347051
"293","JE121437","HOMICIDE","N",41.673689531,-87.628543613
"294","JE108328","HOMICIDE","Y",41.972643293,-87.661711479
"295","JD304453","HOMICIDE","N",41.87579351,-87.723062233
"296","JD301394","HOMICIDE","Y",41.89182683,-87.713084988
"297","JE173701","HOMICIDE","N",41.884249627,-87.704443837
"298","JE156497","HOMICIDE","Y",41.767191574,-87.572664894
"299","JD389456","HOMICIDE","Y",41.904129601,-87.749799834
"300","JD468564","HOMICIDE","Y",41.891826532,-87.713029899
"301","JE103396","HOMICIDE","Y",41.751862382,-87.619787884
"302","JE163151","HOMICIDE","Y",41.894858704,-87.764396029
"303","JE149236","HOMICIDE","N",41.759444161,-87.596627814
"304","JE237102","HOMICIDE","N",41.761172356,-87.588430774
"305","JD303327","HOMICIDE","N",41.687366059,-87.648307118
"306","JE237082","HOMICIDE","N",41.784294223,-87.654620576
"307","JE237167","HOMICIDE","N",41.876860157,-87.743912207
"308","JE190809","HOMICIDE","Y",41.87188478,-87.760168151
"309","JE173689","HOMICIDE","Y",42.007820636,-87.671077348
"310","JE191249","HOMICIDE","N",41.752804787,-87.554059932
"311","JE191686","HOMICIDE","N",41.862526771,-87.704058362
"312","JE188599","HOMICIDE","Y",41.88399199,-87.677998349
"313","JE285589","HOMICIDE","N",41.798464956,-87.685380138
"314","JE286205","HOMICIDE","N",41.875256576,-87.726346274
"315","JE154725","HOMICIDE","Y",41.727992013,-87.642175432
"316","JE174425","HOMICIDE","N",41.831959155,-87.620568542
"317","JD400319","HOMICIDE","Y",41.826099916,-87.684907104
"318","JE151419","HOMICIDE","N",41.801150088,-87.619384368
"319","JE190772","HOMICIDE","N",41.703073446,-87.602673084
"320","JD413988","HOMICIDE","Y",41.750657714,-87.614956494
"321","JE254066","HOMICIDE","N",41.866944067,-87.659859854
"322","JE200739","HOMICIDE","Y",41.701825336,-87.560798502
"323","JE238122","HOMICIDE","N",41.890703831,-87.70640419
"324","JE136065","HOMICIDE","Y",41.729559728,-87.651943841
"325","JE285507","HOMICIDE","N",41.688249045,-87.627780633
"326","JE284648","HOMICIDE","N",41.8635688,-87.710457968
"327","JE285912","HOMICIDE","Y",41.991404284,-87.656853651
"328","JE285670","HOMICIDE","N",41.771057658,-87.582583015
"329","JD431149","HOMICIDE","Y",41.745534109,-87.598897554
"330","JE223095","HOMICIDE","N",41.881147603,-87.769790893
"331","JE206109","HOMICIDE","N",41.861806701,-87.7165066
"332","JE141194","HOMICIDE","Y",41.912925057,-87.773538131
"333","JD422184","HOMICIDE","N",41.755554244,-87.653867946
"334","JD461629","HOMICIDE","Y",41.964079335,-87.729519111
"335","JE206208","HOMICIDE","N",41.671884383,-87.630887549
"336","JE301622","HOMICIDE","N",41.877649878,-87.74272258
"337","JE202499","HOMICIDE","Y",41.872899368,-87.694491036
"338","JE301581","HOMICIDE","N",41.85826495,-87.709088822
"339","JE152400","HOMICIDE","N",41.884830727,-87.752781167
"340","JE206227","HOMICIDE","N",41.675947334,-87.617757237
"341","JE174979","HOMICIDE","N",41.910643177,-87.66688431
"342","JE287616","HOMICIDE","N",41.930993562,-87.73922826
"343","JD325772","HOMICIDE","Y",41.771259454,-87.687091027
"344","JE238122","HOMICIDE","N",41.890703831,-87.70640419
"345","JE175526","HOMICIDE","N",41.824933076,-87.623104662
"346","JE107997","HOMICIDE","Y",41.805211965,-87.585789862
"347","JE191820","HOMICIDE","N",41.750609338,-87.612490693
"348","JE192822","HOMICIDE","N",41.671168666,-87.657526862
"349","JE238268","HOMICIDE","N",41.8788547,-87.726943813
"350","JE153463","HOMICIDE","Y",41.778532435,-87.697030655
"351","JE253095","HOMICIDE","N",41.768315814,-87.634744943
"352","JE254231","HOMICIDE","N",41.904522401,-87.773016431
"353","JE238268","HOMICIDE","N",41.8788547,-87.726943813
"354","JE254898","HOMICIDE","N",41.776758052,-87.676275561
"355","JE238194","HOMICIDE","N",41.871644264,-87.724107724
"356","JE239109","HOMICIDE","N",41.793778713,-87.622443909
"357","JD369513","HOMICIDE","Y",41.968338342,-87.719171817
"358","JE243057","HOMICIDE","N",41.762674166,-87.632145073
"359","JD312535","HOMICIDE","Y",41.856044402,-87.710523643
"360","JE176509","HOMICIDE","N",41.809351171,-87.618691752
"361","JE207141","HOMICIDE","N",41.850824328,-87.690511777
"362","JE224104","HOMICIDE","N",41.880773152,-87.721810393
"363","JE176559","HOMICIDE","N",41.876952748,-87.736336193
"364","JE270685","HOMICIDE","N",41.749956477,-87.694146665
"365","JE224125","HOMICIDE","Y",41.892637979,-87.711350918
"366","JE153504","HOMICIDE","N",41.692358646,-87.623096746
"367","JE224145","HOMICIDE","N",41.873761627,-87.699545765
"368","JE239400","HOMICIDE","N",41.88096768,-87.737940272
"369","JE168409","HOMICIDE","Y",41.750548727,-87.593031862
"370","JE208283","HOMICIDE","N",41.783327093,-87.64887794
"371","JE193004","HOMICIDE","N",41.88096768,-87.737940272
"372","JD317103","HOMICIDE","Y",41.754920763,-87.565080452
"373","JE207921","HOMICIDE","N",41.705677782,-87.600944364
"374","JE176747","HOMICIDE","N",41.750832464,-87.605224746
"375","JD304982","HOMICIDE","N",41.776227084,-87.604618626
"376","JE240387","HOMICIDE","N",41.809717284,-87.628198973
"377","JE231510","HOMICIDE","N",41.876225829,-87.721791324
"378","JE240300","HOMICIDE","N",41.872630278,-87.718598203
"379","JE240387","HOMICIDE","N",41.809717284,-87.628198973
"380","JD422083","HOMICIDE","N",41.768848052,-87.643804533
"381","JE154611","HOMICIDE","N",41.729078381,-87.621879137
"382","JE155328","HOMICIDE","N",41.781874364,-87.587864899
"383","JD442193","HOMICIDE","Y",41.89778758,-87.715168733
"384","JE224341","HOMICIDE","N",41.86522282,-87.657421861
"385","JE174942","HOMICIDE","N",41.962472905,-87.757077358
"386","JE177363","HOMICIDE","Y",41.727123578,-87.629315348
"387","JE287792","HOMICIDE","N",41.690187887,-87.612081913
"388","JE287550","HOMICIDE","Y",41.738008783,-87.604863987
"389","JE154928","HOMICIDE","N",41.906298225,-87.773078049
"390","JE287680","HOMICIDE","N",41.858875885,-87.724228931
"391","JE224429","HOMICIDE","Y",41.791458525,-87.647515317
"392","JE194870","HOMICIDE","N",41.826358446,-87.633116323
"393","JE177954","HOMICIDE","N",41.762385599,-87.666177499
"394","JE241639","HOMICIDE","N",41.874699955,-87.683791888
"395","JE240540","HOMICIDE","N",41.917838056,-87.755968972
"396","JE178376","HOMICIDE","N",41.740486959,-87.648607569
"397","JD379655","HOMICIDE","Y",41.884747682,-87.75645061
"398","JD358144","HOMICIDE","N",41.864278228,-87.659660218
"399","JE209297","HOMICIDE","N",41.90086502,-87.724112886
"400","JE208468","HOMICIDE","N",41.879784857,-87.723806409
"401","JE210069","HOMICIDE","N",41.707359384,-87.610809656
"402","JE240575","HOMICIDE","N",41.884530833,-87.738685729
"403","JE178971","HOMICIDE","N",41.75667207,-87.562688288
"404","JE226157","HOMICIDE","N",41.894264459,-87.753129146
"405","JE287914","HOMICIDE","N",41.759293313,-87.643041842
"406","JD304271","HOMICIDE","N",41.888060953,-87.681724797
"407","JD304906","HOMICIDE","N",41.878030124,-87.721524427
"408","JE164965","HOMICIDE","Y",41.827094923,-87.62167185
"409","JE210794","HOMICIDE","N",41.825085871,-87.621631728
"410","JD304542","HOMICIDE","N",41.654094008,-87.606801963
"411","JE271002","HOMICIDE","N",41.795209941,-87.660974432
"412","JE156432","HOMICIDE","Y",41.663403306,-87.625793875
"413","JE179906","HOMICIDE","N",41.749995382,-87.685900777
"414","JD440137","HOMICIDE","Y",41.751452878,-87.624567581
"415","JE180555","HOMICIDE","N",41.68075847,-87.621785651
"416","JE242183","HOMICIDE","N",41.758273773,-87.554811094
"417","JE270867","HOMICIDE","N",41.779196943,-87.615602304
"418","JD430446","HOMICIDE","Y",41.786456541,-87.629058932
"419","JE227075","HOMICIDE","N",41.991057238,-87.699420817
"420","JE212290","HOMICIDE","N",41.740861086,-87.740060732
"421","JE212327","HOMICIDE","N",41.742813094,-87.647512893
"422","JE227114","HOMICIDE","N",41.857180265,-87.711995618
"423","JE241847","HOMICIDE","N",41.869565231,-87.743241256
"424","JE211329","HOMICIDE","N",41.809523402,-87.63826257
"425","JE190465","HOMICIDE","Y",41.782601671,-87.665505994
"426","JD464968","HOMICIDE","Y",41.900253905,-87.690541532
"427","JE182440","HOMICIDE","N",41.915479464,-87.715641007
"428","JE182514","HOMICIDE","N",41.677325876,-87.616577916
"429","JE227631","HOMICIDE","N",41.88100737,-87.703205068
"430","JE243607","HOMICIDE","N",41.756618673,-87.574871497
"431","JE301858","HOMICIDE","N",41.861791657,-87.721389237
"432","JE302365","HOMICIDE","N",41.753407263,-87.674439456
"433","JE181828","HOMICIDE","Y",41.707455731,-87.605637491
"434","JE195766","HOMICIDE","N",41.84894297,-87.733341125
"435","JE190306","HOMICIDE","Y",41.675219383,-87.638212387
"436","JE195887","HOMICIDE","N",41.772924892,-87.57647941
"437","JE289090","HOMICIDE","N",41.876024394,-87.692400002
"438","JD335093","HOMICIDE","N",41.847074361,-87.711205225
"439","JE287173","HOMICIDE","Y",41.81788468,-87.619825842
"440","JE229283","HOMICIDE","N",41.807577988,-87.615549695
"441","JE289027","HOMICIDE","N",41.781275961,-87.613225264
"442","JE229019","HOMICIDE","N",41.751268534,-87.606048047
"443","JE288866","HOMICIDE","N",41.816683943,-87.743385779
"444","JE288138","HOMICIDE","N",41.851395612,-87.734779046
"445","JE161149","HOMICIDE","N",41.79841494,-87.700032005
"446","JD359870","HOMICIDE","Y",41.903944085,-87.719480769
"447","JE177040","HOMICIDE","Y",41.862819868,-87.718141518
"448","JE244264","HOMICIDE","N",41.758896441,-87.574456169
"449","JE272404","HOMICIDE","N",41.902814352,-87.708453036
"450","JE259126","HOMICIDE","N",41.742921834,-87.674539337
"451","JE259510","HOMICIDE","N",41.751535302,-87.663464341
"452","JE197584","HOMICIDE","N",41.801416311,-87.619388748
"453","JE259268","HOMICIDE","N",41.882327675,-87.698778086
"454","JD393309","HOMICIDE","Y",41.763335387,-87.61523662
"455","JE197974","HOMICIDE","N",41.669920375,-87.559258528
"456","JE229957","HOMICIDE","N",41.749869687,-87.665852691
"457","JE272197","HOMICIDE","Y",41.910077354,-87.709785601
"458","JD466325","HOMICIDE","Y",41.894591453,-87.719944973
"459","JD306169","HOMICIDE","N",41.940419827,-87.765226189
"460","JE198622","HOMICIDE","N",41.738324952,-87.614980373
"461","JE272078","HOMICIDE","Y",41.876615415,-87.636504247
"462","JE288009","HOMICIDE","N",41.921327818,-87.758524333
"463","JE266473","HOMICIDE","N",41.780850996,-87.649674221
"464","JE245666","HOMICIDE","N",41.743970443,-87.585797123
"465","JE230612","HOMICIDE","N",41.751644163,-87.658618398
"466","JD336779","HOMICIDE","Y",41.724494263,-87.643297231
"467","JE230631","HOMICIDE","N",41.874850606,-87.735272577
"468","JE230500","HOMICIDE","N",41.931063831,-87.781350681
"469","JE231076","HOMICIDE","N",41.775070039,-87.594044066
"470","JE230612","HOMICIDE","N",41.751644163,-87.658618398
"471","JE227034","HOMICIDE","N",41.737081272,-87.624176033
"472","JE189401","HOMICIDE","Y",41.945219715,-87.776479414
"473","JE198861","HOMICIDE","N",41.760798006,-87.634551594
"474","JE199483","HOMICIDE","N",41.861847377,-87.712849844
"475","JE198861","HOMICIDE","N",41.760798006,-87.634551594
"476","JE260467","HOMICIDE","N",41.897156398,-87.729088417
"477","JE246853","HOMICIDE","N",41.858213965,-87.704772409
"478","JD302966","HOMICIDE","Y",41.79816307,-87.74291021
"479","JE199141","HOMICIDE","Y",41.919794616,-87.771442491
"480","JE289727","HOMICIDE","N",41.858449995,-87.710316759
"481","JE290198","HOMICIDE","Y",41.881057028,-87.769788016
"482","JE286402","HOMICIDE","N",41.805710847,-87.618464458
"483","JE289415","HOMICIDE","N",41.903838027,-87.635561788
"484","JD409259","HOMICIDE","Y",41.905231197,-87.725166092
"485","JE260911","HOMICIDE","N",41.866742491,-87.727638357
"486","JE260979","HOMICIDE","N",41.776421364,-87.682210861
"487","JE272743","HOMICIDE","N",41.920988379,-87.685490567
"488","JE251462","HOMICIDE","Y",41.806744563,-87.669062595
"489","JE272241","HOMICIDE","N",41.906364582,-87.646338314
"490","JE247247","HOMICIDE","N",41.918153458,-87.720457916
"491","JE272657","HOMICIDE","N",41.899207928,-87.705343948
"492","JE156133","HOMICIDE","N",41.738314597,-87.615519096
"493","JD305672","HOMICIDE","N",41.673548279,-87.616795523
"494","JE216512","HOMICIDE","N",41.678949434,-87.623921422
"495","JE215628","HOMICIDE","N",41.843693383,-87.708668972
"496","JE216511","HOMICIDE","N",41.791571822,-87.649949018
"497","JD422229","HOMICIDE","N",41.888335787,-87.752911026
"498","JE272719","HOMICIDE","N",41.756040473,-87.613829953
"499","JE290325","HOMICIDE","N",41.783051325,-87.623779709
"500","JD472075","HOMICIDE","Y",41.742292072,-87.641172
"501","JE262633","HOMICIDE","N",41.807716063,-87.689307003
"502","JE216669","HOMICIDE","N",41.85982778,-87.716448529
"503","JE262115","HOMICIDE","N",41.869645028,-87.72023125
"504","JE261513","HOMICIDE","N",41.670107447,-87.639248298
"505","JE258289","HOMICIDE","N",41.825008437,-87.63269443
"506","JE249189","HOMICIDE","N",41.894548755,-87.708967018
"507","JE290325","HOMICIDE","N",41.783051325,-87.623779709
"508","JE274427","HOMICIDE","N",41.885451698,-87.7120229
"509","JE274850","HOMICIDE","N",41.704565596,-87.63431487
"510","JE274914","HOMICIDE","N",41.799074355,-87.633483109
"511","JE274935","HOMICIDE","N",41.67865949,-87.620527559
"512","JE274634","HOMICIDE","N",41.779623837,-87.594629708
"513","JE273984","HOMICIDE","Y",41.858434376,-87.734728096
"514","JD422430","HOMICIDE","N",41.772171112,-87.665592205
"515","JE291188","HOMICIDE","N",41.737259842,-87.650946468
"516","JE263349","HOMICIDE","N",41.874188446,-87.633622585
"517","JE289771","HOMICIDE","N",41.759162013,-87.683100073
"518","JE290653","HOMICIDE","N",41.84443756,-87.710779354
"519","JD422410","HOMICIDE","N",41.769591156,-87.671227605
"520","JD336194","HOMICIDE","N",41.912218383,-87.764319045
"521","JD332746","HOMICIDE","N",41.857034887,-87.725340291
"522","JE232513","HOMICIDE","N",41.778435506,-87.686065751
"523","JE290388","HOMICIDE","N",41.856326422,-87.732556325
"524","JE262851","HOMICIDE","N",41.758361509,-87.617681742
"525","JD307079","HOMICIDE","N",41.875291694,-87.723650826
"526","JD307805","HOMICIDE","N",41.675365264,-87.617273188
"527","JE276134","HOMICIDE","N",41.67986213,-87.621956595
"528","JE272404","HOMICIDE","N",41.902814352,-87.708453036
"529","JD306704","HOMICIDE","N",41.773294408,-87.590204175
"530","JD307805","HOMICIDE","N",41.675365264,-87.617273188
"531","JE250398","HOMICIDE","N",41.884154496,-87.672833401
"532","JE291491","HOMICIDE","N",41.787458975,-87.619844306
"533","JE250309","HOMICIDE","N",41.810586428,-87.619628064
"534","JD423602","HOMICIDE","Y",41.899437761,-87.762518782
"535","JD423611","HOMICIDE","N",41.763455518,-87.573332145
"536","JE265873","HOMICIDE","N",41.884926809,-87.752787642
"537","JE276391","HOMICIDE","N",41.824588446,-87.631326836
"538","JD451003","HOMICIDE","Y",41.897113439,-87.6597156
"539","JE265137","HOMICIDE","Y",41.774901923,-87.628422811
"540","JE293873","HOMICIDE","N",41.86351771,-87.717778727
"541","JE266324","HOMICIDE","N",41.798986504,-87.641633145
"542","JE265614","HOMICIDE","N",41.692511434,-87.629194952
"543","JE292962","HOMICIDE","N",41.863914615,-87.716567106
"544","JE292814","HOMICIDE","N",41.673665074,-87.600930372
"545","JE264556","HOMICIDE","N",41.899891919,-87.74591908
"546","JD307901","HOMICIDE","Y",41.897373941,-87.748311296
"547","JD307899","HOMICIDE","N",41.954075613,-87.747318796
"548","JD299102","HOMICIDE","Y",41.69994781,-87.617963597
"549","JE233110","HOMICIDE","Y",41.886853702,-87.696437999
"550","JE233523","HOMICIDE","N",41.671903369,-87.641710641
"551","JE266473","HOMICIDE","N",41.780850996,-87.649674221
"552","JE266473","HOMICIDE","N",41.780850996,-87.649674221
"553","JE267494","HOMICIDE","N",41.798854705,-87.685390881
"554","JE266473","HOMICIDE","N",41.780850996,-87.649674221
"555","JE266388","HOMICIDE","N",41.902640036,-87.624562043
"556","JE267498","HOMICIDE","N",41.872588258,-87.721521251
"557","JD371629","HOMICIDE","N",41.741944792,-87.553942091
"558","JD358974","HOMICIDE","Y",41.822245225,-87.690948128
"559","JE277577","HOMICIDE","N",41.79893103,-87.675642021
"560","JE277448","HOMICIDE","N",41.739349342,-87.69407965
"561","JE266473","HOMICIDE","N",41.780850996,-87.649674221
"562","JE293710","HOMICIDE","N",41.874959427,-87.746257594
"563","JE294662","HOMICIDE","N",41.823175752,-87.633224378
"564","JD309011","HOMICIDE","Y",41.75540448,-87.551356727
"565","JD382095","HOMICIDE","Y",41.767537472,-87.571440144
"566","JD371894","HOMICIDE","N",41.889013548,-87.768862373
"567","JE294221","HOMICIDE","N",41.880951703,-87.771815967
"568","JE270685","HOMICIDE","N",41.749956477,-87.694146665
"569","JE279325","HOMICIDE","Y",41.951879543,-87.807235503
"570","JD334174","HOMICIDE","Y",41.939205595,-87.718113566
"571","JD423568","HOMICIDE","N",41.892831474,-87.773485904
"572","JD424303","HOMICIDE","N",42.016113932,-87.687517771
"573","JE279833","HOMICIDE","N",41.901141788,-87.692773339
"574","JD310803","HOMICIDE","Y",41.819189282,-87.627104546
"575","JE279849","HOMICIDE","N",41.995219444,-87.713354912
"576","JE279836","HOMICIDE","Y",41.751254843,-87.606920408
"577","JE279786","HOMICIDE","N",41.782546783,-87.640937231
"578","JE295698","HOMICIDE","N",41.773888476,-87.636840097
"579","JE296062","HOMICIDE","N",41.693588725,-87.612179395
"580","JE296143","HOMICIDE","N",41.748867896,-87.64079354
"581","JE295976","HOMICIDE","N",41.678626168,-87.622680365
"582","JE121584","HOMICIDE","Y",41.74962816,-87.665847864
"583","JE242582","HOMICIDE","Y",41.937005129,-87.657653071
"584","JE296903","HOMICIDE","N",41.761841368,-87.590882475
"585","JE296952","HOMICIDE","N",41.782432685,-87.664290466
"586","JD312037","HOMICIDE","N",41.726591198,-87.606399702
"587","JE281674","HOMICIDE","N",41.891060252,-87.768759881
"588","JE261650","HOMICIDE","Y",41.75702248,-87.558073456
"589","JE297155","HOMICIDE","Y",41.856575175,-87.668620597
"590","JD311203","HOMICIDE","N",41.737547633,-87.604847215
"591","JE297299","HOMICIDE","N",41.842582305,-87.694759669
"592","JE296818","HOMICIDE","N",41.717572389,-87.569854879
"593","JE296952","HOMICIDE","N",41.782432685,-87.664290466
"594","JD339269","HOMICIDE","Y",41.771996408,-87.680074393
"595","JD339602","HOMICIDE","N",41.891173111,-87.758320983
"596","JD312455","HOMICIDE","N",41.869565495,-87.743292654
"597","JE249497","HOMICIDE","N",41.807856992,-87.658872511
"598","JE297567","HOMICIDE","N",41.852766136,-87.694243614
"599","JE144478","HOMICIDE","Y",41.695439061,-87.662589442
"600","JE281738","HOMICIDE","N",41.766254751,-87.574585728
"601","JE298035","HOMICIDE","N",41.737367232,-87.64000479
"602","JE297553","HOMICIDE","N",41.852726166,-87.683210411
"603","JE298240","HOMICIDE","N",41.766090009,-87.574573007
"604","JE281658","HOMICIDE","N",41.871732109,-87.71844893
"605","JD312466","HOMICIDE","N",41.874189322,-87.738458484
"606","JD372631","HOMICIDE","N",41.865669877,-87.721499106
"607","JE299507","HOMICIDE","N",41.784275014,-87.654620779
"608","JD403502","HOMICIDE","Y",41.89831824,-87.705242471
"609","JD331615","HOMICIDE","Y",41.696827166,-87.649001304
"610","JD314196","HOMICIDE","N",41.747528541,-87.573472386
"611","JD372683","HOMICIDE","N",41.769301757,-87.682051919
"612","JD264472","HOMICIDE","N",41.770020864,-87.6913338
"613","JD340917","HOMICIDE","N",41.740514279,-87.54538536
"614","JD373401","HOMICIDE","N",41.768270151,-87.687443611
"615","JD341021","HOMICIDE","N",41.845592238,-87.711164533
"616","JD316691","HOMICIDE","Y",41.898846701,-87.641985392
"617","JD373100","HOMICIDE","N",41.751100797,-87.58505475
"618","JD317039","HOMICIDE","N",41.883198401,-87.739461917
"619","JD316965","HOMICIDE","N",41.793841661,-87.62020258
"620","JD316976","HOMICIDE","N",41.88359069,-87.749065012
"621","JD314196","HOMICIDE","N",41.747528541,-87.573472386
"622","JD352390","HOMICIDE","N",41.771360651,-87.657927921
"623","JD342092","HOMICIDE","Y",41.855727061,-87.726083148
"624","JD299547","HOMICIDE","Y",41.860129225,-87.712804048
"625","JD289973","HOMICIDE","N",41.819531596,-87.704420779
"626","JD281735","HOMICIDE","N",41.763769311,-87.595793934
"627","JD299850","HOMICIDE","N",41.778658948,-87.648399635
"628","JD318379","HOMICIDE","N",41.777126649,-87.645937583
"629","JD318144","HOMICIDE","Y",41.848953793,-87.732261952
"630","JD318144","HOMICIDE","Y",41.848953793,-87.732261952
"631","JE281830","HOMICIDE","N",41.780201686,-87.684889412
"632","JD301145","HOMICIDE","N",41.748458232,-87.605159961
"633","JD301071","HOMICIDE","N",41.744942862,-87.602579658
"634","JD300678","HOMICIDE","N",41.753199675,-87.65017296
"635","JD374035","HOMICIDE","N",41.972598895,-87.714350264
"636","JD373241","HOMICIDE","N",41.866181995,-87.72439822
"637","JD374011","HOMICIDE","N",41.939168558,-87.787304913
"638","JD301185","HOMICIDE","N",41.888659061,-87.749015157
"639","JD301307","HOMICIDE","N",41.858071146,-87.729819907
"640","JD301311","HOMICIDE","N",41.848312173,-87.69177748
"641","JE282655","HOMICIDE","Y",41.899249138,-87.632320575
"642","JE279937","HOMICIDE","N",41.865466585,-87.68494635
"643","JD375339","HOMICIDE","N",41.883208624,-87.686489297
"644","JD375079","HOMICIDE","N",41.873348789,-87.70833991
"645","JD320760","HOMICIDE","N",41.900777694,-87.62650376
"646","JD316246","HOMICIDE","Y",41.994277111,-87.679045937
"647","JE282993","HOMICIDE","Y",41.757630995,-87.585708249
"648","JD321726","HOMICIDE","Y",41.761857773,-87.586216316
"649","JE108294","HOMICIDE","N",41.877826291,-87.701117596
"650","JD346411","HOMICIDE","N",41.760521351,-87.681807173
"651","JD323434","HOMICIDE","N",41.786087136,-87.64737823
"652","JD323459","HOMICIDE","N",41.684231406,-87.657939326
"653","JD323387","HOMICIDE","N",42.014573171,-87.690223307
"654","JD324706","HOMICIDE","N",41.77775125,-87.657314601
"655","JD376465","HOMICIDE","Y",41.928337853,-87.691431952
"656","JD346950","HOMICIDE","N",41.783315787,-87.607251618
"657","JD376749","HOMICIDE","N",41.865201896,-87.733710449
"658","JD374810","HOMICIDE","N",41.744635441,-87.619596746
"659","JD347561","HOMICIDE","N",41.88255688,-87.730628784
"660","JD347500","HOMICIDE","N",41.745829715,-87.659679668
"661","JE281927","HOMICIDE","N",41.680760863,-87.659051873
"662","JD326228","HOMICIDE","N",41.747643677,-87.603509135
"663","JD326763","HOMICIDE","N",41.754550259,-87.601653411
"664","JD327802","HOMICIDE","Y",41.890071385,-87.627672183
"665","JD342028","HOMICIDE","N",41.863461379,-87.652374244
"666","JD348563","HOMICIDE","N",41.965541117,-87.734590597
"667","JD348586","HOMICIDE","N",41.803361324,-87.648576736
"668","JD347761","HOMICIDE","N",41.749366177,-87.5552742
"669","JD331450","HOMICIDE","Y",41.655208552,-87.605120805
"670","JD328873","HOMICIDE","N",41.89294506,-87.762554558
"671","JD347659","HOMICIDE","Y",41.704164704,-87.637897044
"672","JD377114","HOMICIDE","N",41.752419463,-87.584427413
"673","JD348693","HOMICIDE","N",41.733926594,-87.603778019
"674","JD314167","HOMICIDE","Y",41.777838294,-87.615566126
"675","JD349813","HOMICIDE","N",41.780693179,-87.654530226
"676","JD349510","HOMICIDE","N",41.791859388,-87.643880667
"677","JD331600","HOMICIDE","N",41.758120026,-87.57490513
"678","JD327976","HOMICIDE","N",41.733810054,-87.611396253
"679","JD378424","HOMICIDE","N",41.799415199,-87.633123655
"680","JD379435","HOMICIDE","N",41.72324334,-87.612968816
"681","JD331656","HOMICIDE","N",41.734830768,-87.545777246
"682","JD332674","HOMICIDE","N",41.681961586,-87.644487655
"683","JD332850","HOMICIDE","N",41.693162097,-87.651075913
"684","JD378371","HOMICIDE","N",41.750374187,-87.662006873
"685","JD350187","HOMICIDE","N",41.735948952,-87.652484512
"686","JD350149","HOMICIDE","N",41.793891658,-87.648259484
"687","JD350546","HOMICIDE","N",41.68242634,-87.680864007
"688","JD350096","HOMICIDE","N",41.741442487,-87.551504165
"689","JD379647","HOMICIDE","N",41.76718729,-87.58792132
"690","JD368438","HOMICIDE","N",41.76013186,-87.558087344
"691","JD352238","HOMICIDE","N",41.87086201,-87.714330429
"692","JD344906","HOMICIDE","Y",41.833532944,-87.685180682
"693","JD346389","HOMICIDE","Y",41.759846025,-87.637765328
"694","JD351607","HOMICIDE","N",41.856323781,-87.705385576
"695","JD379783","HOMICIDE","Y",41.886401307,-87.707492907
"696","JD381366","HOMICIDE","N",41.782501939,-87.660641563
"697","JD380448","HOMICIDE","N",41.682090833,-87.616704418
"698","JD380550","HOMICIDE","N",41.94345324,-87.693930558
"699","JD354086","HOMICIDE","N",41.682518024,-87.655453234
"700","JD381573","HOMICIDE","N",41.892395756,-87.70768047
"701","JD391209","HOMICIDE","N",41.772387484,-87.590002019
"702","JD355587","HOMICIDE","N",41.823476825,-87.705735981
"703","JD355563","HOMICIDE","N",41.758045911,-87.574902338
"704","JD354690","HOMICIDE","N",41.752100288,-87.641638343
"705","JD381639","HOMICIDE","N",41.762376533,-87.590462119
"706","JD356825","HOMICIDE","Y",41.714279197,-87.573164579
"707","JD355654","HOMICIDE","N",41.975254247,-87.656778193
"708","JD421565","HOMICIDE","Y",41.866672427,-87.651033178
"709","JD355701","HOMICIDE","Y",41.899245889,-87.758164082
"710","JD383122","HOMICIDE","N",41.889058597,-87.723464848
"711","JD382768","HOMICIDE","N",41.878860042,-87.726396631
"712","JD358322","HOMICIDE","Y",41.906797102,-87.671861659
"713","JD358313","HOMICIDE","Y",41.754153586,-87.553449904
"714","JD384100","HOMICIDE","N",41.791625396,-87.669380069
"715","JD359491","HOMICIDE","N",41.749072474,-87.557700049
"716","JD359869","HOMICIDE","N",41.742221848,-87.580680175
"717","JD359834","HOMICIDE","N",41.808677227,-87.643113485
"718","JD384035","HOMICIDE","Y",41.884804156,-87.765025079
"719","JD360370","HOMICIDE","N",41.751539633,-87.661855469
"720","JD360603","HOMICIDE","N",41.76978405,-87.659095518
"721","JD384825","HOMICIDE","N",41.761360311,-87.657908181
"722","JE146705","HOMICIDE","N",41.764106016,-87.576256836
"723","JD385787","HOMICIDE","N",41.877519174,-87.725561099
"724","JE233708","HOMICIDE","N",41.696874196,-87.543783545
"725","JD348734","HOMICIDE","Y",41.89765683,-87.726152565
"726","JD363157","HOMICIDE","N",41.90372293,-87.7337175
"727","JD386487","HOMICIDE","N",41.880713928,-87.726683874
"728","JD381362","HOMICIDE","N",41.778099133,-87.633828531
"729","JD299451","HOMICIDE","Y",41.779234929,-87.68524012
"730","JD386650","HOMICIDE","N",41.773200429,-87.680912685
"731","JE234690","HOMICIDE","N",41.88358253,-87.709430008
"732","JD388620","HOMICIDE","N",41.688120176,-87.63138461
"733","JD388899","HOMICIDE","N",41.866286618,-87.715725607
"734","JD389959","HOMICIDE","N",41.756714109,-87.586085395
"735","JD389598","HOMICIDE","N",41.969252369,-87.71461065
"736","JD390608","HOMICIDE","N",41.750992242,-87.589468327
"737","JD392220","HOMICIDE","N",41.706388821,-87.533475307
"738","JE231725","HOMICIDE","N",41.826041149,-87.670286731
"739","JD454798","HOMICIDE","N",41.732906368,-87.610831173
"740","JD464945","HOMICIDE","N",41.794957148,-87.667042665
"741","JD334802","HOMICIDE","Y",41.813626387,-87.701008346
"742","JE100022","HOMICIDE","N",41.736660376,-87.54445421
"743","JE121591","HOMICIDE","N",41.705020341,-87.651075074
"744","JD464149","HOMICIDE","N",41.87227724,-87.720319917
"745","JD438344","HOMICIDE","Y",41.710837185,-87.603976896
"746","JD468434","HOMICIDE","N",41.725266904,-87.566888138
"747","JD469460","HOMICIDE","N",41.798935876,-87.707959582
"748","JD469257","HOMICIDE","N",41.761832761,-87.592099464
"749","JE122490","HOMICIDE","N",41.953610209,-87.73161785
"750","JD469828","HOMICIDE","Y",41.793461345,-87.645135997
"751","JD469441","HOMICIDE","N",41.745827484,-87.602298459
"752","JD470337","HOMICIDE","N",41.759110016,-87.634511264
"753","JD397578","HOMICIDE","Y",41.907338322,-87.7102384
"754","JE109540","HOMICIDE","N",41.820550251,-87.699524119
"755","JD470467","HOMICIDE","N",41.743793506,-87.570980728
"756","JD395656","HOMICIDE","Y",41.80663257,-87.716397921
"757","JD470565","HOMICIDE","N",41.797819461,-87.748700513
"758","JD471236","HOMICIDE","N",41.954544066,-87.759656071
"759","JD471211","HOMICIDE","N",41.850040362,-87.670868456
"760","JE110271","HOMICIDE","N",41.750215226,-87.633075911
"761","JD472972","HOMICIDE","N",41.894860993,-87.764304185
"762","JD474021","HOMICIDE","N",41.773405326,-87.625143469
"763","JD473196","HOMICIDE","N",41.831017261,-87.676627273
"764","JD452853","HOMICIDE","Y",41.873805186,-87.694529748
"765","JE111602","HOMICIDE","N",41.677371729,-87.622635597
"766","JD358095","HOMICIDE","Y",41.884533356,-87.680056674
"767","JD379909","HOMICIDE","Y",41.884828707,-87.754011429
"768","JD474113","HOMICIDE","N",41.895637548,-87.773784621
"769","JE100162","HOMICIDE","N",41.808890677,-87.616576757
"770","JE100715","HOMICIDE","N",41.885720773,-87.747018429
"771","JE101671","HOMICIDE","N",41.858213965,-87.704772409
"772","JE124799","HOMICIDE","Y",41.830530933,-87.610277459
"773","JD302372","HOMICIDE","Y",41.888523255,-87.627164044
"774","JE102438","HOMICIDE","N",41.771062488,-87.586270811
"775","JE103492","HOMICIDE","N",41.791735461,-87.632921214
"776","JC461838","HOMICIDE","N",41.758120026,-87.57490513
"777","JE103451","HOMICIDE","N",41.870831162,-87.716247283
